SKU,ASIN
R067-1,B086L6ZGXL
R004-1,B074WJF1XX
B052-3,B07YZNL9BB
B052-2,B07YZMNZFD
B052-1,B07YZMPYWR
B051-3,B07YZG5YPM
B051-2,B07YZLDJD7
B051-1,B07YZLPRJQ
B050-2,B07Z1VH6FH
B049-2,B07Z1TYJWT
B047-3,B07YYF84R1
B047-2,B07YYF8VWH
B047-1,B07YYFB3GH
B046-3,B07YYD4T2H
B046-2,B07YYD3YMZ
B046-1,B07YYCS95D
B045-3,B07XC6BF5Y
B045-2,B07XD98J89
B045-1,B07XC68GDK
B044-3,B07XD94N99
B044-2,B07XC653L3
B044-1,B07X5YDBQ8
B042-3,B07XG67WZV
B042-2,B07XD8Q8T7
B042-1,B07XB5QPFJ
B041-4,B07XB5N2CK
B041-3,B07XG65RW9
B041-2,B07XB5LZJD
B041-1,B07XB5KLJK
B040-4,B07X61LH58
B040-3,B07X61YK6V
B040-2,B07X56CSG9
B040-1,B07X2YVX3Z
B039-4,B07X5VZWLH
B039-3,B07X5YWJYK
B039-2,B07X2YTNV1
B039-1,B07YRJM1B2
B038-4,B07X2YRW44
B038-3,B07X568NDC
B038-2,B07X434NBR
B038-1,B07X1YX9L3
B037-6,B07VKG8RRK
B037-5,B07VJJFRZT
B037-4,B07VKDQB2S
B037-3,B07VK981FQ
B036-6,B07VFX71JL
B036-5,B07VFWZ6Z9
B036-4,B07VGX3CGH
B036-3,B07VFTNYMH
B036-2,B07VFVMPGS
B036-1,B07VDS1JSP
B034-6,B0779KWTML
B031-6,B077J3ZN6V
B031-2,B077J3ZLMT
B030-4,B079YL29RF
B030-3,B06W5GL4H3
B030-1,B06WP9ND12
B027-1,B06X1CGW5P
B015-11,B076XKBXK3
B007-4,B01CCWBQ5Q
B002-5,B01LWQH0JV
B002-4,B01C78C62M
B002-1,B01CA3435W
PM002,B074W7DF2M
R002-8,B074WHMGLH
R002-7,B0742R5V35
B025-3,B074WHMGN3
TR015-1,B086MMFYSW
R032-2,B07Z24BNJX
PM014-1,B0874BN4QW
R059-1,B086Z1T1H4
R032-1,B07Z2413WJ
B037-1,B07VCTJ726
B015-6,B01LWPX1O1
R003-2,B06X1FDCQR
R002-16,B07F393H9L
PM006-1,B07P8DCVLW
R038-1,B086YDGZY8
B003-5,B01M0BCBG4
R036-1,B086YRMP1H
CU002-1,B07PBJ9THJ
R002-18,B07F3C162G
R061-1,B086Z3LMSS
B053-1,B07Z3D8P3P
R059-2,B086Z1NTKQ
B003-3,B01CA489EC
R028-1,B07CJSJ6NG
TR016-1,B0874K5VK8
B025-4,B074WJ2DBY
B030-2,B06W9NMBL2
B034-3,B0779LDY56
R035-2,B086YFJLGM
R039-1,B086YLYJZS
R008-1,B07MFDH31Q
B030-7,B07TLY8PKK
TR005,B07PBJP9VY
R042-1,B086YCV6XT
R005-3,B07BLHV49T
R007-1,B07MLP6P51
R033-2,B086Y78D5M
B034-5,B0779J6H2Q
CU007-1,B086MDBXPP
B001-6,B017EPG5RA
R056-2,B086YZL12J
B055-1,B086ML3QG3
B001-3,B01CA1IGRU
PM004,B07P9H5C4H
B028-1,B06WGYNH7L
R005-1,B074W75Q83
B015-13,B07BDYM95R
B015-3,B01LXDD7MA
R030-1,B07P8M81K8
PM016-1,B0874KS5TV
R047-1,B086YXCLLF
R054-1,B086YYQJWV
R008-4,B07MFDWHFH
R003-1,B06VXZL35Z
R051-1,B086YY7KQY
TR005-1,B07PBJ6YK1
R012-1,B07CL78S3C
TR002,B07575J673
R005-2,B075766WVV
B015-15,B07BDYJS7T
TR012-1,B07YZNSSFS
R063-1,B086Z3X1LW
R022-1,B07CL7J1MN
B015-12,B07BDX3NWS
R037-2,B086YCR127
R046-1,B086YVL1NL
R041-1,B086YBH1F4
PM006,B07P9HLP7Q
R014-1,B07CRXDQGP
R019-1,B07F3T3BJB
THR001-2,B079V84PR1
R056-1,B086YZZ365
TR017-1,B0874L9FH8
R002-2,B01H287HF8
R055-2,B086Z185N1
R002-1,B01H27JW2U
B003-2,B01CA4383E
PM003,B076Y1H1BD
R002-17,B07F36SQBX
B001-4,B01CA1LUTG
PM001,B074WJ8WLM
CU003-1,B07P79C1Q6
R002-6,B071ZQFBJC
TR018-1,B0874NVHJK
R036-2,B086YB79LC
B025-1,B01KZRZMZU
R055-1,B086YXGQT9
R044-1,B086YT5LR7
R008-2,B07GZ861XX
R008-3,B07MPQ46PX
B030-5,B07TJTHX9Z
B025-5,B0779L7CYG
R035-1,B086YSTL5R
R002-21,B07Z3BPLMP
R069-1,B086MJGGN7
R049-1,B086YXCNYS
R058-2,B086Z1NLKV
CU006-1,B086MK2C29
CU001-1,B07P6C7T1W
R034-2,B086YJGQ4Y
R045-1,B086YTJH9M
B031-4,B077J1Z3NY
R068-1,B086S2QVYH
PM013-1,B07YZPB46C
TR004,B07P5ZL7TL
B034-2,B0779L8VW8
THR002-2,B079V28FFJ
B035-3,B0779NBKC6
R023-1,B07CJSZQ2B
R007-3,B07M77SV89
R029-1,B07P8M4T9Z
B035-4,B0779K51CR
TR001,B074WHWSGM
B002-2,B01CA3BNK0
PM015-1,B0874LLLMP
TR003,B076Y35RVQ
PM013-2,B07YZL4FD8
R031-2,B07Z23PPN3
R002-15,B07F3GDPDC
B054-1,B086MT9B7H
R002-9,B074WJ8WMS
B027-2,B07KPYNH8L
R010-1,B07CL7B6F3
B015-14,B07BDY9NNP
R006-3,B07M77MPC7
R071-1,B086MF5S36
R002-3,B01NCNWE4D
R054-2,B086YYYJVL
R057-1,B086YZSBQK
R043-1,B086YM6WDZ
R040-1,B086YCM2KH
R064-1,B086Z3XJTF
B002-3,B01CA3EJH4
PM017-1,B0874MFHRP
R026-1,B07CL73HWD
R020-2,B07CJK73ZV
R065-1,B086Z3XB6H
R058-1,B086Z12KFY
B006-2,B00BS81QZ6
R002-10,B074WHRYKD
R066-1,B086Z3MPY1
B003-1,B01CA3UUCC
R025-1,B07CL7NXQ8
R002-5,B071ZZCJKH
B002-6,B079YBVLXM
B048-2,B07Z1VMWQX
THR001-1,B079TXDLZ3
B029-1,B06X1981DQ
B003-7,B07TLX54ZF
R037-1,B086YG1NKZ
B031-1,B077J27699
R034-1,B086YDTW1M
R053-1,B086YY3J5V
B035-1,B0779GS3JJ
R006-1,B07G7B4VRY
B015-16,B07BDZ7VYM
R050-1,B086YXNND1
TR014-1,B086M97NJH
R033-1,B086YB6877
R003-3,B06W9NPR2F
B035-6,B0779JGT7Z
R060-1,B086Z3GJ1D
R019-3,B07CL7G4ZR
PM007,B07XPBTKNG
B002-7,B07TLWQLS9
TR006,B07XPCXGNM
R062-1,B086Z3CDSS
R052-1,B086YZF47D
B031-3,B077J2CDRC
R027-1,B07CJMNKFG
R002-4,B01MU2PYRM
R048-1,B086YYRCHL
R024-1,B07CJL9Y34
TR013-1,B086MFCRGH
R070-1,B086MP8NMZ
B003-4,B01CA4D5EQ
B031-5,B077J3LS62
R020-1,B07CJN92SF
R057-2,B086Z16RC6
TR012-2,B07YZNRMHB
B001-5,B01CA1OTMG
R002-11,B074WJ4MPS
B030-6,B07TJVDZ7K
B037-2,B07VKCFJCS
R031-1,B07Z23SKN3
B003-6,B079YL1PQ9
B015-2,B01M0ASW1T
R018-1,B07F3SGSND
R019-2,B07CJH18WB
R017-1,B07CJH4NZ5
B019-2,B01LYCF5OS
B007-7,B01LY0SCER
R002-20,B07TKV11VL
B034-1,B0779GFPPW
R007-4,B07MFKMQQM
PM005,B07P5ZJRFS
R007-2,B07G77RSSJ
MBC006-2,B081NDFC7Z
MBC008,B081NBVTYL
R018-2,B07CL7C628
R006-4,B07MFKKJ6C
B039-1A,B07X2YS6K4
MBC003,B0855G6G5H
B015-7,B01M19FQAG
MBC005-2,B081N4PRFK
R002-19,B07TR558GF
MBC007,B081NDVWV6
R018-3,B07CJTWS7B
MBC028-1,B0855RXXPY
MBC009,B082DD4QZW
R006-2,B07G78722N
MBC005-1,B081N924H2
B015-5,B01M19W74V
R016-1,B07CJH4F9Z
MBC010,B082DFYXTL
R021-2,B07CJKJR1K
MBC006-1,B081NCYH2P
R015-1,B07CGCMDLM
ABCL-158,B082DD3TXV
ABC-100,B082DFSH9M
ABC-036,B082DG85Z4
ABS-220,B082DFCLWQ
ABY-004,B082DFRB8D
ABCL-388,B081QHN4T6
ABY-005,B082DF7P3H
ABCL-101,B082DDZ3ZZ